<?xml version="1.0" encoding="UTF-8"?>
<project-private xmlns="http://www.netbeans.org/ns/project-private/1">
    <editor-bookmarks xmlns="http://www.netbeans.org/ns/editor-bookmarks/2" lastBookmarkId="0"/>
    <open-files xmlns="http://www.netbeans.org/ns/projectui-open-files/2">
        <group>
            <file>file:/C:/Users/baps/Documents/NetBeansProjects/JavaFXApplication12/src/javafxapplication12/DragIcon.java</file>
            <file>file:/C:/Users/baps/Documents/NetBeansProjects/JavaFXApplication12/src/javafxapplication12/NodeLink.java</file>
            <file>file:/C:/Users/baps/Documents/NetBeansProjects/JavaFXApplication12/src/javafxapplication12/DragContainer.java</file>
            <file>file:/C:/Users/baps/Documents/NetBeansProjects/JavaFXApplication12/src/javafxapplication12/Point2dSerial.java</file>
            <file>file:/C:/Users/baps/Documents/NetBeansProjects/JavaFXApplication12/src/javafxapplication12/DragIconType.java</file>
            <file>file:/C:/Users/baps/Documents/NetBeansProjects/JavaFXApplication12/src/javafxapplication12/JavaFXApplication12.java</file>
            <file>file:/C:/Users/baps/Documents/NetBeansProjects/JavaFXApplication12/src/javafxapplication12/CubicCurveDemo.java</file>
            <file>file:/C:/Users/baps/Documents/NetBeansProjects/JavaFXApplication12/src/javafxapplication12/FXMLDocument.fxml</file>
            <file>file:/C:/Users/baps/Documents/NetBeansProjects/JavaFXApplication12/src/javafxapplication12/RootLayout.java</file>
            <file>file:/C:/Users/baps/Documents/NetBeansProjects/JavaFXApplication12/src/javafxapplication12/FXMLDocumentController.java</file>
            <file>file:/C:/Users/baps/Documents/NetBeansProjects/JavaFXApplication12/src/javafxapplication12/DraggableNode.java</file>
            <file>file:/C:/Users/baps/Documents/NetBeansProjects/JavaFXApplication12/src/javafxapplication12/Main.java</file>
        </group>
    </open-files>
</project-private>
