<?xml version="1.0" encoding="UTF-8"?>
<!DOCTYPE suite SYSTEM "http://testng.org/testng-1.0.dtd">

<suite name="Suite"  >

	<test name="Firefox Test">
		<parameter name="browser" value="firefox" />
 		<classes>
			<class name="TestCase.JustTest" />
			<class name="TestCase.LoginTest" />
		</classes>
	</test> 
	
	<test name="Chrome Test">
	<parameter name="browser" value="firefox" />
 		<classes>
			<class name="TestCase.JustTest" />
			<class name="TestCase.LoginTest" />
		</classes>
	</test> 
	
	
</suite> 
<!-- Suite -->
